<?xml version="1.0" encoding="UTF-8"?>
<beans xmlns="http://www.springframework.org/schema/beans"
	xmlns:xsi="http://www.w3.org/2001/XMLSchema-instance"
	xmlns:context="http://www.springframework.org/schema/context"
	xsi:schemaLocation="http://www.springframework.org/schema/beans
        https://www.springframework.org/schema/beans/spring-beans.xsd
        http://www.springframework.org/schema/context
        https://www.springframework.org/schema/context/spring-context.xsd">

	<context:component-scan
		base-package="com.xworkz"></context:component-scan>
	<bean
		class="org.springframework.orm.hibernate5.LocalSessionFactoryBean"
		name="sessionFactory">
		<property name="dataSource" ref="datasource"></property>
		<property name="annotatedClasses">
			<value>com.xworkz.entity.VaccineEntity</value>
		</property>
	</bean>

	<bean
		class="org.springframework.jdbc.datasource.DriverManagerDataSource"
		id="datasource">
		<constructor-arg name="url" value="${jdbcUrl}"></constructor-arg>
		<constructor-arg name="username" value="${userName}"></constructor-arg>
		<constructor-arg name="password" value="${passWord}"></constructor-arg>
		<property name="driverClassName" value="${driverClass}"></property>
	</bean>

	<bean
		class="org.springframework.beans.factory.config.PropertyPlaceholderConfigurer">
		<property name="location" value="/WEB-INF/mysql.properties"></property>
	</bean>

	


	<bean
		class="org.springframework.web.servlet.view.InternalResourceViewResolver">
		<constructor-arg name="prefix" value="/WEB-INF/pages/"></constructor-arg>
		<constructor-arg name="suffix" value=".jsp"></constructor-arg>
	</bean>
	<bean class="org.springframework.mail.javamail.JavaMailSenderImpl">
		<property name="host" value="smtp-mail.outlook.com"></property>
		<property name="port" value="587"></property>
		<property name="username" value="Chetanmelavanki@outlook.com"></property>
		<property name="password" value="Mabbilucky@569035"></property>
		<property name="javaMailProperties">
			<props>
				<prop key="mail.smtp.auth"></prop>
				<prop key="mail.smtp.starttls.enable">true</prop>
				<prop key="mail.debug">true</prop>
			</props>
		</property>
	</bean>
</beans>